Yc,Tcon,C
[6.61127786],[1.32466074],[1.08220248]
[5.37318901],[0.84457368],[-0.51808772]
[-1.18824029],[-0.11078606],[-0.36928687]
[4.32171484],[0.8718251],[-0.42724967]
[2.9140566],[0.47091417],[-1.76361944]
[5.16029986],[1.46118676],[1.53728919]
[1.29704869],[0.49457306],[-1.68475646]
[-0.217205],[0.32568448],[-2.2477184]
[2.9136351],[0.76084478],[-0.79718406]
[3.16753082],[0.83608873],[-0.54637091]
[-0.24745061],[0.02076378],[0.06921258]
[1.53296414],[0.24263153],[0.80877178]
[1.48925294],[0.57226594],[-1.4257802]
[0.34223113],[0.71169919],[-0.96100271]
[0.94470973],[0.64315452],[-1.18948494]
[5.16464755],[0.98705355],[-0.04315485]
[0.11832905],[0.32774373],[-2.24085424]
[-0.69294185],[-0.03067511],[-0.10225038]
[3.4265954],[0.42014927],[1.40049757]
[-1.51057279],[-0.05229236],[-0.17430786]
[1.02827832],[0.17598966],[0.5866322]
[5.22036193],[1.1460643],[0.48688101]
[-2.07165511],[-0.2945862],[-0.981954]
[1.61012586],[0.7207077],[-0.93097433]
[-3.47108592],[-0.38658997],[-1.28863323]
[1.63506608],[0.19885198],[0.66283992]
[5.3098407],[1.12137687],[0.40458957]
[-1.32798838],[-0.16581415],[-0.55271382]
[-0.4154802],[-0.12186494],[-0.40621648]
[0.25424314],[-0.10499037],[-0.34996789]
[-0.44534416],[0.03952241],[0.13174138]
[4.65416609],[1.21257301],[0.70857671]
[6.14070121],[1.50235655],[1.67452184]
[3.46393671],[1.11516893],[0.38389644]
[2.35540236],[0.15287843],[0.50959478]
[1.02625325],[0.670887],[-1.09704333]
[4.24977513],[1.05031455],[0.16771517]
[-4.2510686],[-0.3501511],[-1.16717034]
[1.89406306],[0.70763015],[-0.97456615]
[3.35998258],[0.94722016],[-0.17593279]
[2.05939533],[0.24213484],[0.80711612]
[1.35144045],[0.66091725],[-1.13027585]
[2.2698322],[0.26916503],[0.89721678]
[-4.97037455],[-0.7214218],[-2.40473932]
[3.61865962],[1.0827129],[0.27570968]
[0.00492215],[0.02607155],[0.08690517]
[-2.27617035],[-0.39787864],[-1.32626215]
[1.52632226],[0.97360611],[-0.08797962]
[0.13439658],[-0.1350428],[-0.45014267]
[0.95360198],[0.16142013],[0.5380671]
[-0.01473147],[0.07319127],[0.24397091]
[4.9029064],[1.11218584],[0.37395279]
[-2.64400209],[-0.26466254],[-0.88220848]
[-1.51812456],[0.09429003],[0.3143001]
[4.22712022],[1.01567853],[0.05226178]
[-4.85009049],[-0.6854013],[-2.28467101]
[-1.35723949],[-0.26681338],[-0.88937792]
[2.55879183],[0.22835594],[0.76118648]
[2.18247324],[0.63372134],[-1.22092888]
[2.10084658],[0.90241912],[-0.32526962]
[-0.10770164],[0.17932019],[0.59773397]
[0.39540807],[0.49623782],[-1.67920728]
[2.61872006],[0.94394385],[-0.18685384]
[6.10542845],[0.98101197],[-0.06329343]
[2.84342014],[0.25077994],[0.83593315]
[3.6063228],[0.54307671],[1.81025571]
[5.26923901],[1.49434687],[1.64782289]
[4.37770737],[1.06224601],[0.20748672]
[0.1472553],[0.49414622],[-1.68617927]
[2.90440314],[0.78866522],[-0.70444927]
[-3.32204378],[-0.65882316],[-2.1960772]
[5.50948654],[0.69740006],[-1.00866645]
[1.76903414],[0.29997004],[0.99990012]
[0.99290103],[0.03258649],[0.10862163]
[-1.77368863],[-0.33008499],[-1.10028329]
[1.01646717],[0.45758306],[-1.80805646]
[2.90065338],[0.18639195],[0.62130651]
[-0.2397594],[-0.08169239],[-0.27230795]
[1.54178991],[0.23106194],[0.77020645]
[1.84134724],[0.38545217],[-2.04849278]
[0.9305234],[0.87428258],[-0.41905808]
[5.96280997],[1.11426969],[0.38089897]
[-0.99260724],[-0.31486681],[-1.04955605]
[-2.93746319],[-0.14412294],[-0.48040979]
[7.86088927],[1.46462816],[1.54876052]
[0.72826432],[0.01840814],[0.06136048]
[-3.55646582],[-0.56526141],[-1.88420472]
[2.55090621],[0.47630074],[1.58766915]
[0.33834417],[0.0705008],[0.23500267]
[-1.3831359],[-0.19328017],[-0.64426724]
[3.31319436],[1.09508428],[0.3169476]
[4.95706838],[1.14436639],[0.48122131]
[3.62813153],[0.95411335],[-0.1529555]
[0.17285105],[0.16390838],[0.54636126]
[4.49731264],[0.95826189],[-0.13912705]
[5.32482283],[1.17833844],[0.59446145]
[-2.06502682],[-0.21256311],[-0.70854371]
[-0.83984565],[0.06578095],[0.21926984]
[3.55466678],[0.61005719],[2.03352397]
[2.27288087],[0.37038477],[1.2346159]
[-0.74373441],[-0.06320318],[-0.21067726]
[-3.39600653],[-0.3379071],[-1.126357]
[3.67079718],[0.60523072],[-1.31589759]
[3.43341671],[0.36182911],[1.20609705]
[1.24757544],[0.14448174],[0.48160579]
[-1.39411602],[-0.252063],[-0.84021001]
[0.02143905],[0.07801162],[0.26003873]
[6.75593816],[0.89281128],[2.97603761]
[7.09202291],[1.13073574],[0.43578578]
[1.52056748],[0.20988225],[0.6996075]
[2.40401389],[0.45745569],[1.5248523]
[-0.3493047],[0.62394278],[-1.25352406]
[7.0731486],[1.22548102],[0.75160339]
[2.09516975],[0.39995027],[1.33316756]
[-0.37152921],[-0.10496727],[-0.34989089]
[3.31441248],[0.40961819],[1.36539397]
[2.80432157],[0.4354329],[1.45144299]
[3.90275911],[0.86275668],[-0.45747773]
[-7.13388363],[-0.94843155],[-3.1614385]
[2.33625098],[0.31801276],[1.06004253]
[2.11747926],[0.85467186],[-0.48442714]
[0.97651214],[0.00975929],[0.03253096]
[2.75217799],[0.71887457],[-0.93708478]
[5.23916602],[1.19964189],[0.66547296]
[2.90071079],[1.00572006],[0.01906688]
[1.68552318],[0.6756214],[-1.08126199]
[4.45919604],[1.06951565],[0.23171882]
[3.38408768],[0.68441338],[2.28137794]
[4.13998259],[0.31533087],[1.05110291]
[0.61525225],[-0.04823334],[-0.16077779]
[1.57543136],[0.32865011],[1.09550036]
[3.49166171],[0.43762732],[1.45875774]
[5.13904378],[1.3372488],[1.12416266]
[3.81873893],[0.76451751],[-0.78494163]
[-1.23817617],[0.1113053],[0.37101766]
[6.43190877],[1.59716427],[1.99054755]
[0.21557717],[0.1235888],[0.41196268]
[1.36510329],[0.86781525],[-0.44061583]
[3.79997877],[0.84885636],[-0.50381213]
[5.95384617],[1.26742226],[0.89140753]
[-1.92149764],[-0.24340036],[-0.81133452]
[-1.19263369],[-0.38062119],[-1.26873732]
[2.64663493],[0.15332895],[0.51109651]
[2.33604299],[0.32561094],[1.0853698]
[2.11814905],[0.07514549],[0.25048498]
[4.29221269],[0.77524553],[-0.74918158]
[1.28583949],[0.40830315],[-1.97232283]
[-1.53543644],[-0.44604166],[-1.48680552]
[1.78636433],[0.26217405],[0.87391349]
[3.16409563],[0.87504405],[-0.41651982]
[-2.21595908],[-0.22084603],[-0.73615343]
[4.77342581],[0.87147318],[-0.42842274]
[0.81686108],[0.16016157],[0.5338719]
[7.1898542],[1.43769185],[1.45897283]
[0.99691651],[0.50739489],[-1.64201702]
[0.45963072],[0.20968752],[0.6989584]
[-2.26480693],[-0.50698885],[-1.68996285]
[1.73964088],[0.26224348],[0.87414492]
[-4.97576408],[-0.76018405],[-2.53394682]
[3.78973901],[0.99363688],[-0.02121041]
[4.37131253],[1.05892835],[0.19642784]
[4.7292507],[1.27014395],[0.90047984]
[-1.59062197],[-0.05611796],[-0.18705988]
[2.43429265],[0.71711391],[-0.94295364]
[0.9295642],[0.73023897],[-0.89920342]
[6.8074057],[1.29742716],[0.99142386]
[2.59401721],[0.64207253],[-1.19309156]
[8.06854115],[1.44760478],[1.49201592]
[3.37466809],[0.38288003],[1.27626676]
[2.1885062],[0.26161071],[0.87203569]
[0.63584186],[0.13097846],[0.43659487]
[3.53170058],[0.81725458],[-0.60915142]
[-1.53417464],[-0.14094698],[-0.46982325]
[1.79666501],[0.69968941],[-1.00103531]
[2.03151309],[0.52677211],[1.75590705]
[0.58704205],[-0.13617428],[-0.45391426]
[7.63331647],[1.49825744],[1.66085812]
[-2.53490037],[-0.27658294],[-0.92194313]
[2.97503334],[0.79983115],[-0.66722949]
[6.86154849],[1.22359019],[0.74530064]
[2.74450053],[0.58395263],[-1.38682456]
[0.66075477],[0.23235416],[0.77451386]
[5.8555274],[1.23296683],[0.77655609]
[1.4388933],[0.0383729],[0.12790968]
[6.12331587],[1.17434567],[0.58115225]
[-1.28242887],[-0.09431413],[-0.31438044]
[3.65997671],[1.1575226],[0.52507535]
[1.7364595],[0.8436793],[-0.52106899]
[4.712392],[1.03737021],[0.12456737]
[5.39713138],[1.39909023],[1.33030075]
[5.04343666],[1.11717507],[0.39058356]
[-3.02141435],[-0.39744001],[-1.32480004]
[5.4011212],[1.29258605],[0.97528683]
[2.82194357],[0.80117263],[-0.66275789]
[-0.34495898],[-0.27600403],[-0.92001342]
[-0.7331224],[0.03463174],[0.11543913]
[2.50793549],[0.57089697],[1.90298989]
[3.30589675],[0.91605582],[-0.27981394]
[7.5352448],[1.50662735],[1.68875783]
[0.92106883],[0.25896738],[0.86322461]
[1.67821564],[0.27085162],[0.90283872]
[4.89308134],[1.05008343],[0.16694475]
[5.67306763],[0.88222961],[-0.39256797]
[-0.39524917],[-0.0304375],[-0.10145832]
[-4.25074517],[-0.78055345],[-2.60184482]
[0.01901473],[0.21582821],[0.71942737]
[-1.88929563],[-0.24214084],[-0.80713614]
[1.5602392],[0.68799085],[-1.0400305]
[3.48152451],[0.87140265],[-0.42865783]
[5.38439851],[1.07203514],[0.24011715]
[-0.38643133],[-0.14924072],[-0.49746907]
[0.56478743],[0.06931156],[0.23103853]
[3.93722724],[1.21743613],[0.72478712]
[0.76230337],[0.07031147],[0.23437158]
[0.68769749],[0.2419699],[0.80656633]
[6.77865305],[1.38571052],[1.28570173]
[-0.41607469],[-0.21569596],[-0.71898652]
[1.86849545],[0.88696738],[-0.3767754]
[-0.70802509],[-0.03256548],[-0.1085516]
[5.34637175],[1.0359874],[0.119958]
[-1.05537627],[0.08637356],[0.28791185]
[6.9016677],[1.32341726],[1.07805753]
[6.6401343],[1.20518279],[0.68394264]
[-4.360861],[-0.41559002],[-1.38530007]
[3.73076194],[1.07877147],[0.26257157]
[8.7044695],[1.52793131],[1.75977102]
[6.817609],[1.36009607],[1.20032025]
[1.54029594],[0.5289333],[1.76311101]
[4.51744953],[0.91342986],[-0.28856713]
[4.52183473],[1.03168722],[0.10562407]
[1.21231549],[0.21797864],[0.72659546]
[4.98338401],[1.04390434],[0.14634779]
[0.32403004],[-0.02688184],[-0.08960615]
[4.82891359],[1.13635931],[0.45453104]
[4.03760676],[0.92408395],[-0.2530535]
[5.95611308],[1.33382502],[1.11275007]
[0.08037171],[0.16562391],[0.55207969]
[0.70040465],[0.57365376],[-1.42115413]
[-5.32853744],[-0.46011393],[-1.53371309]
[3.12436025],[1.03952807],[0.13176022]
[1.50485033],[0.1077959],[0.35931968]
[3.1492134],[1.13935566],[0.46451886]
[1.43272227],[0.39483603],[-2.01721323]
[4.28239288],[1.19408093],[0.64693642]
[3.66875982],[0.51129886],[1.70432952]
[-0.10616906],[-0.24560032],[-0.81866772]
[0.17674441],[0.06120636],[0.2040212]
[0.05059159],[-0.0253026],[-0.08434199]
[2.74101066],[0.18748502],[0.62495007]
[-1.9952885],[-0.37631562],[-1.25438541]
[-0.25254489],[0.13386724],[0.44622414]
[5.9825372],[1.29148776],[0.97162588]
[6.69769262],[1.08704928],[0.29016426]
[-0.62635245],[0.33276045],[1.10920151]
[7.9849467],[1.44219229],[1.4739743]
[3.47450431],[0.90271644],[-0.32427852]
[4.17285649],[1.06607757],[0.22025856]
[5.82034267],[0.75977959],[2.53259862]
[4.55574428],[1.20853586],[0.69511954]
[2.60744],[0.69811587],[-1.00628044]
[1.4796772],[0.16955387],[0.56517956]
[4.87251728],[0.93513511],[-0.21621629]
[3.52385719],[0.85853637],[-0.47154543]
[5.70925595],[1.2074745],[0.69158167]
[4.99987591],[1.31166184],[1.03887281]
[-2.26912288],[-0.60434785],[-2.01449285]
[3.52731358],[0.81409568],[-0.61968108]
[1.20219403],[0.33149061],[1.10496871]
[6.28380487],[1.5136093],[1.71203101]
[1.00654382],[0.15563379],[0.5187793]
[-4.11867605],[-0.36045682],[-1.20152273]
[2.38362302],[0.13501248],[0.45004161]
[-2.30226831],[-0.36111388],[-1.20371293]
[0.07649939],[0.17248958],[0.57496526]
[0.04747383],[-0.06448046],[-0.21493487]
[-0.0923385],[0.28803505],[0.96011683]
[-1.7311641],[-0.11957187],[-0.3985729]
[3.91054732],[0.93237418],[-0.22541939]
[-6.17150847],[-0.60987007],[-2.03290024]
[1.18171148],[-0.14415566],[-0.48051887]
[1.40297256],[0.55610895],[-1.47963683]
[5.151327],[1.2127356],[0.70911866]
[-2.20565147],[-0.29162764],[-0.97209214]
[-2.84707336],[-0.36554871],[-1.21849571]
[2.57423035],[0.16736873],[0.55789575]
[6.09064009],[1.10669279],[0.35564265]
[2.65533689],[0.33882722],[1.12942407]
[-1.73522342],[-0.12161486],[-0.40538287]
[7.71157725],[1.48298278],[1.60994261]
[-2.88853395],[-0.43472317],[-1.44907722]
[5.3492998],[1.40397818],[1.34659394]
[-0.4507191],[0.36214971],[-2.12616762]
[5.82631105],[1.31430885],[1.04769618]
[1.27832537],[0.23994853],[0.79982843]
[-1.08852544],[-0.03491617],[-0.11638723]
[4.04300475],[0.40932207],[1.3644069]
[-0.76678243],[-0.16477215],[-0.54924052]
[2.76393562],[0.90367088],[-0.32109708]
[-0.55465687],[0.05571611],[0.18572036]
[2.06798993],[0.95171593],[-0.16094691]
[4.38200688],[0.54284306],[1.80947688]
[3.925662],[0.84883238],[-0.50389208]
[4.7963747],[1.5700929],[1.90030965]
[0.37746382],[0.45424029],[-1.81919904]
[1.13245525],[0.29898922],[0.99663073]
[0.34771403],[0.05606943],[0.18689812]
[0.53096005],[0.37959442],[1.26531474]
[3.37108549],[0.2923386],[0.97446199]
[1.03269875],[0.74730895],[-0.84230349]
[4.78421219],[0.9746506],[-0.08449799]
[0.03263085],[0.1827472],[0.60915733]
[2.02949634],[0.9232725],[-0.25575834]
[6.37425118],[1.07271547],[0.24238489]
[6.202254],[1.35168681],[1.17228936]
[5.47150993],[1.14803754],[0.49345846]
[4.86621323],[0.89113832],[-0.36287227]
[3.81194121],[0.49675012],[1.65583373]
[2.82472781],[0.46970817],[1.56569391]
[2.2485901],[0.3094795],[1.03159833]
[-2.51346236],[-0.39082809],[-1.30276029]
[4.51571614],[0.96314453],[-0.12285157]
[0.05213568],[0.30290388],[1.00967959]
[-1.57518399],[-0.29932041],[-0.99773469]
[4.86727096],[1.26487945],[0.88293151]
[2.11359312],[0.68191007],[-1.06029976]
[4.22650177],[1.02443477],[0.08144924]
[3.33616028],[0.94512732],[-0.18290895]
[8.80728687],[1.36865509],[1.22885031]
[2.43403009],[0.23819746],[0.79399152]
[3.69415961],[0.60620519],[2.02068398]
[5.0393219],[1.14198302],[0.47327672]
[-1.85536547],[-0.11954034],[-0.39846779]
[0.12982284],[-0.04725415],[-0.15751385]
[-0.98978946],[-0.14344404],[-0.47814679]
[2.07562525],[0.74946784],[-0.83510719]
[0.14230936],[-0.2158636],[-0.71954534]
[5.37478749],[1.31890472],[1.06301574]
[8.33576093],[1.29142207],[0.97140689]
[2.96784585],[0.68481138],[-1.05062873]
[4.41448743],[0.97149263],[-0.09502456]
[0.14652631],[0.25343035],[0.84476782]
[5.71350945],[1.24147223],[0.80490743]
[2.98238766],[0.29608082],[0.98693606]
[2.33333184],[0.61546],[-1.2818]
[4.69404344],[1.04123727],[0.13745757]
[1.00781944],[0.01808478],[0.06028259]
[0.81149221],[0.58591123],[-1.38029591]
[5.81153092],[1.02679467],[0.08931557]
[0.17218998],[-0.12893197],[-0.42977323]
[-0.69589692],[-0.06815238],[-0.22717459]
[-0.47762398],[-0.03854245],[-0.12847485]
[1.90103407],[0.19385459],[0.64618198]
[5.25001372],[1.03476841],[0.11589471]
[0.78934511],[0.12973988],[0.43246628]
[2.16278015],[0.08175203],[0.27250677]
[1.46054337],[0.32333371],[1.07777904]
[3.49565114],[1.04928903],[0.16429678]
[-2.73989886],[-0.32910387],[-1.09701289]
[-0.64030312],[-0.02124358],[-0.07081192]
[-2.09441186],[-0.32746197],[-1.09153991]
[-2.18730997],[-0.44933446],[-1.49778154]
[3.32729698],[0.8462715],[-0.51242833]
[3.54427955],[0.87367009],[-0.42109969]
[-3.01885221],[-0.48808041],[-1.62693469]
[7.45314792],[1.40175006],[1.33916688]
[-1.37765304],[-0.22974646],[-0.76582154]
[5.25253251],[0.97536936],[-0.08210213]
[7.14970315],[1.32326784],[1.07755945]
[0.24796678],[0.50170139],[-1.66099538]
[4.72292199],[1.15464463],[0.5154821]
[3.61693918],[1.05919247],[0.19730823]
[3.95934142],[0.92257729],[-0.2580757]
[6.27245931],[1.16371567],[0.54571889]
[8.53451533],[1.4269321],[1.423107]
[4.38799711],[0.89865041],[-0.33783196]
[8.21302944],[1.79944585],[2.6648195]
[4.61485731],[0.84296295],[-0.52345684]
[-0.15753334],[0.12433699],[0.41445663]
[0.07192959],[0.1402914],[0.46763801]
[-0.96991217],[-0.16604665],[-0.55348884]
[0.36401163],[0.32748375],[-2.24172083]
[5.25035621],[0.96277946],[-0.12406848]
[2.49461595],[0.21532372],[0.71774573]
[-0.32540622],[-0.17920948],[-0.59736493]
[5.71862906],[0.5323219],[1.77440634]
[4.84399212],[1.07318806],[0.24396018]
[6.16203375],[1.15191415],[0.5063805]
[4.68783239],[0.82123697],[-0.59587678]
[-1.42574641],[-0.17463862],[-0.58212874]
[5.19754901],[1.18185267],[0.60617558]
[4.46214312],[1.06260387],[0.20867957]
[6.99234121],[1.42355464],[1.4118488]
[-1.40717607],[0.06536103],[0.21787011]
[4.72515773],[1.28314604],[0.94382013]
[1.61585578],[0.7611693],[-0.79610234]
[6.06712597],[1.40193799],[1.33979329]
[-0.71724277],[0.369307],[-2.10231001]
[3.18620013],[0.8850875],[-0.38304168]
[3.02505575],[0.04380743],[0.14602475]
[-0.41966338],[-0.07924891],[-0.26416305]
[5.2669413],[1.22548761],[0.75162537]
[3.97516229],[0.55661149],[1.85537163]
[6.43009275],[1.5235148],[1.74504934]
[7.44280074],[1.84549983],[2.81833276]
[-0.41574327],[-0.15554354],[-0.51847846]
[3.3212118],[1.01625891],[0.05419635]
[2.58524146],[0.09855962],[0.32853206]
[0.95864451],[0.73477765],[-0.88407449]
[-3.80313661],[-0.19115545],[-0.63718484]
[1.09833197],[0.03463664],[0.11545547]
[-2.36429745],[-0.46484175],[-1.54947252]
[8.27960439],[1.4727092],[1.57569733]
[2.48686293],[0.38406614],[1.28022045]
[-2.12920407],[-0.03003067],[-0.10010223]
[4.96148504],[1.00985734],[0.03285779]
[2.94581631],[0.69441256],[-1.0186248]
[-1.09748072],[-0.23074446],[-0.76914821]
[-4.68811369],[-0.45442788],[-1.51475961]
[3.77348317],[0.79202646],[-0.69324515]
[0.92578195],[0.70551574],[-0.98161418]
[2.94885571],[0.94905827],[-0.16980577]
[1.7104026],[0.53786976],[-1.54043413]
[1.70276327],[0.50582178],[1.68607261]
[2.05317926],[0.55076447],[1.83588156]
[-0.22839044],[-0.07827186],[-0.2609062]
[1.51445698],[0.22072211],[0.73574037]
[-3.29140503],[-0.2919468],[-0.973156]
[7.84415105],[1.33769837],[1.12566122]
[-1.13844411],[-0.09402947],[-0.31343157]
[2.00443299],[0.31816378],[1.06054593]
[-2.22745799],[-0.43740267],[-1.45800891]
[2.34810872],[0.80774083],[-0.64086391]
[0.20823044],[0.17420195],[0.58067315]
[1.62824425],[0.51336157],[1.71120525]
[0.21798175],[-0.11334595],[-0.37781985]
[3.4549933],[0.33093676],[1.10312254]
[0.76848804],[0.31409625],[1.0469875]
[1.44566878],[0.08449386],[0.28164622]
[-0.58581091],[-0.20279535],[-0.67598449]
[3.38645782],[0.75030472],[2.50101574]
[3.68622397],[0.87046058],[-0.43179808]
[0.02862574],[-0.17969726],[-0.59899085]
[2.93447155],[0.49203767],[-1.69320776]
[2.74534811],[0.61731051],[2.05770172]
[4.90199017],[1.135166],[0.45055332]
[-1.48312894],[-0.02932946],[-0.09776488]
[2.6268332],[0.83663245],[-0.54455849]
[1.23571365],[0.04990526],[0.16635086]
[6.59017103],[1.32808203],[1.09360675]
[3.22246795],[1.06912553],[0.23041844]
[-1.75190586],[0.09506539],[0.31688462]
[3.73381052],[0.38522308],[1.28407693]
[-4.10509544],[-0.63682562],[-2.12275206]
[3.21357116],[0.94245812],[-0.19180626]
[1.72238433],[0.93436773],[-0.21877423]
[-2.55545536],[-0.26711629],[-0.89038764]
[3.2675723],[0.83309214],[-0.55635952]
[1.84530407],[0.16743098],[0.55810327]
[5.11749658],[1.02487417],[0.08291391]
[-0.10510494],[0.06352333],[0.21174443]
[1.62779544],[0.13995633],[0.4665211]
[3.61503768],[0.85163414],[-0.49455286]
[4.38431163],[0.95927209],[-0.13575969]
[4.10507776],[1.01770327],[0.05901089]
[1.89139157],[0.19811305],[0.66037683]
[2.92130951],[0.97534634],[-0.08217887]
[1.96629162],[0.90114992],[-0.32950027]
[0.04867243],[0.28562464],[0.95208214]
[5.71761479],[1.15282824],[0.50942747]
[4.35402726],[1.15627545],[0.52091815]
[0.21623916],[0.07869376],[0.26231253]
[5.30128017],[1.04335449],[0.14451497]
[6.06654725],[1.02801736],[0.09339119]
[4.4159779],[0.83177801],[-0.56073997]
[2.21224886],[0.53549275],[-1.54835751]
[0.25426812],[0.02269486],[0.07564953]
[0.96608733],[0.30996091],[1.03320302]
[5.41035674],[1.38384983],[1.27949942]
[0.02909276],[0.52531732],[-1.58227561]
[-0.35432835],[-0.1635935],[-0.54531167]
[3.73884678],[0.77184851],[-0.76050498]
[2.91826699],[0.78786746],[-0.70710848]
[-0.2798319],[-0.11317476],[-0.3772492]
[0.02603693],[0.64628283],[-1.17905722]
[3.34719044],[0.41149477],[1.37164922]
[5.94783892],[1.32373729],[1.0791243]
[0.8874116],[-0.07451049],[-0.2483683]
[-1.87773102],[-0.29410801],[-0.98036004]
[7.84184653],[1.45355286],[1.51184288]
[0.55536426],[0.05503246],[0.18344153]
[3.62952102],[1.07669826],[0.25566086]
[0.64890082],[0.07463466],[0.2487822]
[5.46274006],[1.31628869],[1.05429564]
[9.41839412],[1.88065182],[2.93550607]
[-0.06377252],[-0.0379613],[-0.12653766]
[0.7971486],[0.04589782],[0.15299274]
[2.71884827],[0.95699116],[-0.14336279]
[-0.10881791],[0.12903658],[0.43012195]
[0.0541103],[-0.0196778],[-0.06559266]
[0.01843955],[0.06837983],[0.22793278]
[2.72847859],[0.52898589],[-1.57004703]
[1.60392358],[0.14319919],[0.47733063]
[3.77379782],[0.59368809],[1.97896031]
[2.01732438],[0.2868324],[0.95610799]
[0.89400905],[0.17216704],[0.57389012]
[2.45653499],[0.81443148],[-0.61856172]
[7.7422456],[1.46926151],[1.56420503]
[2.69759227],[0.24088053],[0.80293509]
[0.74285306],[0.23175365],[0.77251217]
[3.58187928],[0.81093442],[-0.63021861]
[3.14768777],[1.06799482],[0.2266494]
[0.82478703],[0.38545631],[-2.04847895]
[-2.59860776],[-0.17597934],[-0.5865978]
[-3.93709729],[-0.15972177],[-0.5324059]
[2.09620606],[0.689562],[-1.03479334]
[2.91964431],[0.8495187],[-0.50160434]
[6.27136109],[1.22224146],[0.74080488]
[1.81225797],[0.20616217],[0.68720722]
[4.51696591],[0.95546322],[-0.14845592]
[2.21512928],[0.22609787],[0.75365958]
[-0.52370731],[0.0885062],[0.29502067]
[5.99747949],[1.04419927],[0.1473309]
[1.90443298],[0.44720227],[1.49067425]
[6.23223811],[1.33295473],[1.10984909]
[1.87674055],[0.63845983],[-1.20513389]
[-2.08880258],[-0.14442799],[-0.48142664]
[0.2407439],[-0.10545391],[-0.35151305]
[-0.10475535],[0.5500886],[-1.49970465]
[-1.82310926],[-0.17066899],[-0.56889663]
[3.35700345],[0.82978111],[-0.5673963]
[1.2699455],[0.92899998],[-0.23666674]
[0.25309635],[0.51498236],[-1.61672545]
[4.19334677],[0.99287055],[-0.02376485]
[-2.26975877],[-0.18297714],[-0.60992379]
[2.92628233],[0.88542217],[-0.38192612]
[2.26628719],[0.74709635],[-0.84301215]
[1.67344957],[0.26739889],[0.89132964]
[4.0298612],[0.8845339],[-0.384887]
[1.88034867],[0.02744764],[0.09149212]
[4.56775498],[0.86771313],[-0.44095624]
[1.64346936],[0.63010959],[-1.23296804]
[0.36419207],[0.32255383],[1.07517942]
[3.52772922],[0.43459592],[1.44865306]
[-1.00803968],[0.09310709],[0.31035696]
[-0.33329808],[0.3111081],[1.03702701]
[-0.47105206],[-0.08593564],[-0.28645213]
[4.51502742],[0.6119086],[2.03969534]
[5.26351275],[1.19712746],[0.65709153]
[1.95155119],[0.12359761],[0.41199202]
[-3.62687713],[-0.66886845],[-2.22956148]
[1.64885097],[0.02987468],[0.09958225]
[-1.19985911],[-0.30739921],[-1.02466402]
[-4.49744291],[-0.15500985],[-0.51669951]
[-2.75823534],[-0.45085947],[-1.50286491]
[7.5251816],[1.63563861],[2.11879536]
[-3.02301372],[-0.36118861],[-1.20396202]
[1.63799668],[0.17499085],[0.58330282]
[3.08261344],[0.57051373],[1.90171243]
[0.5019245],[0.16748852],[0.55829507]
[2.35626668],[0.62931616],[-1.2356128]
[2.18907406],[0.29694836],[0.98982785]
[-1.48358967],[-0.37954541],[-1.26515136]
[5.51020989],[0.8662173],[-0.44594234]
[2.23490747],[0.33850879],[1.12836262]
[-1.88332812],[-0.05821853],[-0.19406175]
[2.79435671],[1.05310449],[0.17701498]
[1.24706576],[0.61892836],[-1.27023879]
[2.69817028],[0.81293573],[-0.62354756]
[-0.16904999],[0.28715389],[0.95717962]
[1.03485296],[0.45181917],[-1.82726943]
[3.25874884],[0.87720993],[-0.40930025]
[4.7430091],[1.25561404],[0.85204679]
[-3.30252945],[-0.36287962],[-1.20959872]
[0.20617107],[-0.09949352],[-0.33164505]
[2.89583934],[0.92772938],[-0.24090205]
[5.91597786],[1.14866994],[0.49556646]
[5.16436787],[1.00363533],[0.01211777]
[-0.08927001],[0.54047939],[-1.53173535]
[-0.2022727],[0.03350304],[0.1116768]
[2.45044278],[0.39486454],[1.31621514]
[4.63012158],[1.11646434],[0.38821447]
[-2.60581721],[-0.38083967],[-1.26946558]
[0.67954845],[0.79137051],[-0.69543164]
[1.10915207],[-0.00109595],[-0.00365318]
[-0.79996016],[-0.00282445],[-0.00941482]
[4.58283132],[1.01784487],[0.05948288]
[0.56077828],[0.36131123],[1.20437078]
[5.04382422],[1.32771475],[1.09238251]
[-4.59058483],[-0.73115955],[-2.4371985]
[2.9346759],[0.3176276],[1.05875867]
[3.77174752],[0.90526545],[-0.31578184]
[4.17718336],[0.86792835],[-0.44023882]
[2.34934642],[0.67984225],[-1.0671925]
[6.64344838],[1.13995037],[0.46650123]
[0.45371746],[0.40243793],[-1.99187356]
[-2.1080823],[-0.37365379],[-1.24551264]
[-2.77833048],[-0.51131579],[-1.70438596]
[4.22004949],[0.9405234],[-0.19825532]
[0.43641329],[-0.11809085],[-0.39363616]
[6.06940643],[1.47339238],[1.57797461]
[3.28908354],[0.97311134],[-0.08962887]
[1.62281488],[0.82164037],[-0.59453211]
[2.05263876],[0.88600962],[-0.37996792]
[-1.51049755],[-0.20915184],[-0.6971728]
[3.92244895],[1.23321358],[0.77737859]
[3.37024345],[0.71154979],[-0.9615007]
[-1.51659835],[-0.29799724],[-0.99332415]
[-0.60148806],[-0.17691183],[-0.5897061]
[-1.883506],[-0.19496778],[-0.6498926]
[6.49354993],[1.11896339],[0.39654462]
[-0.12524901],[-0.09402684],[-0.3134228]
[3.61334673],[0.84999997],[-0.5000001]
[-1.92852149],[-0.22521902],[-0.75073006]
[2.96620217],[0.48137471],[1.60458236]
[-0.36106151],[-0.17414347],[-0.58047824]
[5.96582752],[1.36129003],[1.20430011]
[5.30010823],[1.04481038],[0.14936794]
[2.51632022],[0.60344747],[-1.32184178]
[4.34596859],[0.95958463],[-0.13471791]
[-0.18972446],[-0.22435749],[-0.74785831]
[-0.10824914],[0.19106781],[0.63689269]
[-0.71939813],[0.46406393],[-1.78645358]
[-0.33919659],[-0.14362769],[-0.47875895]
[5.55096791],[1.42492845],[1.41642817]
[-0.63454465],[-0.21119923],[-0.70399742]
[6.3034512],[1.03067794],[0.10225981]
[-2.67219623],[-0.28475521],[-0.94918403]
[0.22841126],[-0.0640939],[-0.21364632]
[5.51808706],[1.05829782],[0.19432606]
[3.00010036],[0.40676554],[1.35588512]
[4.65884513],[0.90955593],[-0.30148023]
[-2.81509634],[-0.34658551],[-1.15528503]
[-1.96367898],[-0.11652967],[-0.38843223]
[-1.27993024],[0.3793819],[-2.06872701]
[1.38210451],[-0.00267246],[-0.00890822]
[-0.49811663],[-0.02433599],[-0.08111996]
[-0.09017441],[0.48798244],[-1.70672521]
[4.64499198],[0.99855128],[-0.00482907]
[-0.06953076],[-0.004316],[-0.01438667]
[0.24843741],[0.01834045],[0.06113485]
[6.62452932],[1.53750086],[1.79166953]
[-0.07286244],[-0.03932153],[-0.13107175]
[2.22674227],[0.81842767],[-0.60524111]
[-0.72910016],[-0.13204697],[-0.44015657]
[4.39653241],[0.923311],[-0.25562999]
[2.15600856],[0.82512716],[-0.58290948]
[4.95909312],[0.94138308],[-0.19538975]
[0.93465217],[0.1382071],[0.46069035]
[1.9511183],[0.33031087],[1.10103624]
[5.01980928],[1.20714033],[0.69046777]
[3.35832984],[0.8180542],[-0.606486]
[5.46822166],[1.1898046],[0.63268199]
[0.49730179],[0.08204912],[0.27349706]
[1.28642033],[0.17854341],[0.59514471]
[0.95430358],[-0.07503039],[-0.2501013]
[2.23701396],[0.77469903],[-0.75100324]
[6.00882142],[1.05587911],[0.18626371]
[2.6625819],[1.01154638],[0.03848793]
[6.86509085],[1.55519049],[1.85063497]
[5.31866328],[1.37890546],[1.26301821]
[3.98007823],[0.89519288],[-0.34935707]
[1.81405793],[0.06574256],[0.21914186]
[5.29776463],[0.96123259],[-0.12922469]
[0.56728533],[0.86447627],[-0.45174576]
[2.0970104],[0.0732076],[0.24402534]
[4.53615072],[1.16334478],[0.54448259]
[-0.48395434],[-0.19572733],[-0.65242445]
[2.92650499],[0.84982644],[-0.50057854]
[5.75425481],[1.07249652],[0.24165506]
[-0.95389805],[-0.1849298],[-0.61643267]
[6.10417931],[1.0368151],[0.122717]
[3.95075993],[0.95901172],[-0.13662761]
[3.85544557],[1.27472447],[0.91574824]
[2.19253758],[0.75305015],[-0.82316618]
[6.13078637],[1.27687461],[0.92291537]
[0.37751145],[-0.1044291],[-0.348097]
[3.71594452],[0.92398812],[-0.25337293]
[-4.25201514],[-0.49958613],[-1.66528711]
[2.82747591],[1.07459515],[0.24865051]
[0.7066715],[0.07807491],[0.26024968]
[4.79299666],[1.15962071],[0.53206902]
[3.54290257],[0.69832412],[2.32774708]
[-2.77227515],[-0.46456696],[-1.54855654]
[1.34230674],[0.37611095],[1.25370317]
[1.72043826],[0.08842463],[0.29474876]
[3.57813401],[0.65913307],[-1.1362231]
[5.42689709],[1.09795459],[0.32651529]
[-0.36204216],[0.04659288],[0.15530959]
[3.976742],[0.81693368],[-0.61022107]
[2.17032706],[0.32181964],[1.07273215]
[1.49140846],[0.00489208],[0.01630692]
[0.36948039],[0.10734149],[0.35780498]
[2.61892257],[0.93356198],[-0.22146006]
[-0.92378702],[-0.18416649],[-0.6138883]
[2.77418537],[0.36178082],[1.20593607]
[0.14324492],[0.04408795],[0.14695982]
[4.01067926],[0.50308857],[1.67696189]
[-2.8432164],[-0.23856641],[-0.79522138]
[-0.76713023],[-0.1632194],[-0.54406467]
[4.47388796],[1.16495804],[0.54986014]
[-2.58165303],[-0.29149709],[-0.97165697]
[-0.55084052],[-0.20190898],[-0.67302993]
[1.90009834],[0.64870295],[-1.17099016]
[5.00870041],[0.94501119],[-0.18329602]
[5.05463435],[1.23248725],[0.7749575]
[1.45847849],[0.90548119],[-0.31506269]
[2.85526772],[0.93766336],[-0.2077888]
[-2.79279342],[-0.42217417],[-1.40724724]
[0.88712633],[0.48569778],[1.61899259]
[0.52709729],[0.29752431],[-2.34158563]
[4.71426096],[0.68530759],[-1.04897471]
[4.12754107],[0.90485176],[-0.3171608]
[7.30738408],[1.50527153],[1.68423842]
[-4.79440432],[-0.36804145],[-1.22680484]
[1.16202243],[0.74407042],[-0.85309859]
[-1.48453521],[-0.26066877],[-0.8688959]
[4.17306359],[0.85637152],[-0.47876159]
[1.18861946],[0.74129443],[-0.8623519]
[0.26959113],[0.04428108],[0.14760359]
[0.59234826],[-0.12547162],[-0.41823872]
[2.21446713],[0.30992719],[1.03309062]
[-5.36913784],[-0.48338963],[-1.61129875]
[6.23944034],[1.39994802],[1.33316007]
[2.13292853],[0.81262311],[-0.62458962]
[2.56543243],[1.04082756],[0.13609188]
[-0.30307945],[0.56121957],[-1.46260143]
[4.82595076],[1.05728483],[0.19094943]
[1.47690926],[0.11736892],[0.39122975]
[3.65936266],[0.86817183],[-0.43942724]
[1.77588753],[0.70919981],[-0.96933397]
[6.01033606],[1.44068937],[1.46896457]
[7.48945782],[1.448744],[1.49581332]
[1.50946132],[0.58801134],[-1.37329554]
[-4.42499692],[-0.49213713],[-1.6404571]
[-0.83941366],[-0.18786671],[-0.62622237]
[-2.73381148],[-0.25482533],[-0.84941777]
[3.10393752],[1.1447594],[0.48253133]
[-0.41359036],[-0.00736939],[-0.02456464]
[0.99444814],[0.4751816],[1.58393868]
[1.57254623],[0.80615715],[-0.64614283]
[-1.02290229],[0.62907015],[-1.23643282]
[6.30490019],[1.47704226],[1.59014087]
[-2.50627767],[-0.24686444],[-0.82288148]
[3.14141883],[0.85012738],[-0.4995754]
[5.26141188],[1.3314952],[1.10498401]
[5.77758659],[0.92503779],[3.0834593]
[-2.1822906],[-0.30842605],[-1.02808684]
[-2.49159907],[-0.15644507],[-0.52148355]
[-2.99948157],[-0.51383901],[-1.71279671]
[5.50026773],[1.13518647],[0.45062155]
[0.79832823],[0.12554321],[0.41847736]
[1.01756985],[-0.01466519],[-0.04888395]
[-0.8389896],[-0.00833878],[-0.02779593]
[-2.17095093],[-0.57138736],[-1.90462454]
[-2.70521381],[-0.11501152],[-0.38337174]
[7.93714906],[1.74029233],[2.4676411]
[-2.20713355],[-0.31633969],[-1.05446564]
[5.09655516],[1.04212087],[0.14040291]
[6.17964737],[1.26002967],[0.86676556]
[-5.03443485],[-0.59168582],[-1.97228607]
[4.39950571],[0.94373522],[-0.18754928]
[5.68793729],[1.10473367],[0.34911224]
[3.52973726],[0.5542009],[1.84733632]
[2.27293569],[0.59245486],[-1.35848381]
[3.74607319],[0.95241626],[-0.15861246]
[5.0158176],[1.18776289],[0.6258763]
[-8.10654952],[-0.95721067],[-3.19070223]
[-1.15611657],[-0.12314817],[-0.41049389]
[4.59702293],[1.11401282],[0.38004273]
[1.34596139],[0.1431162],[0.47705401]
[0.05106442],[0.66267916],[-1.12440279]
[-0.72088896],[0.10837997],[0.36126657]
[3.46247661],[0.70759217],[-0.97469276]
[3.61295149],[1.12006904],[0.40023015]
[5.22833419],[1.16077056],[0.53590185]
[1.5503748],[0.34637688],[1.15458961]
[4.72590525],[0.99802184],[-0.00659385]
[6.55203954],[1.44440018],[1.48133395]
[3.87713956],[1.08421464],[0.28071546]
[0.33793206],[-0.05469083],[-0.18230275]
[4.27292128],[1.02805997],[0.09353325]
[4.6009804],[0.90385607],[-0.32047977]
[1.79569729],[0.97809562],[-0.07301461]
[2.20866301],[0.11398114],[0.37993714]
[-1.89419976],[0.0267482],[0.08916067]
[2.72760758],[0.96925456],[-0.1024848]
[5.26565583],[0.58511397],[1.95037991]
[1.73390759],[0.27205532],[0.90685106]
[0.60390331],[0.14722291],[0.49074305]
[0.2766196],[-0.1681518],[-0.56050601]
[-3.03202552],[-0.2423118],[-0.80770599]
[1.43716106],[0.36094572],[-2.13018092]
[0.70977397],[0.33145775],[-2.22847416]
[6.48680414],[1.36197211],[1.20657371]
[8.25203812],[1.50408792],[1.68029306]
[1.15011466],[0.74083754],[-0.86387487]
[6.77698072],[1.31376414],[1.04588047]
[-0.79650263],[0.06112077],[0.20373588]
[3.7003127],[0.9229562],[-0.25681265]
[3.23015024],[0.31587512],[1.05291705]
[0.45670231],[-0.01609494],[-0.05364979]
[4.897593],[0.58887726],[1.9629242]
[3.93150754],[1.07148162],[0.23827208]
[-1.37828117],[0.00519303],[0.01731011]
[3.46377364],[0.34001863],[1.13339544]
[-2.12900235],[-0.37977352],[-1.26591174]
[4.81503604],[0.93019219],[-0.23269271]
[4.69770703],[0.84782496],[-0.50725012]
[6.92559699],[1.54680097],[1.82266989]
[3.96192787],[0.41892693],[1.39642311]
[2.37505707],[0.94396777],[-0.1867741]
[-4.05656688],[-0.41596394],[-1.38654645]
[0.54258842],[0.68204012],[-1.05986628]
[0.59228887],[0.07335792],[0.24452639]
[-2.39475444],[-0.38229231],[-1.27430769]
[3.0716874],[0.89005615],[-0.3664795]
[5.30056832],[1.10891958],[0.36306526]
[5.16783573],[1.187113],[0.62370999]
[2.68275208],[0.84796051],[-0.50679829]
[-3.03195359],[-0.15816471],[-0.5272157]
[-0.58534491],[-0.10601275],[-0.35337585]
[0.72672412],[0.26009699],[0.86698997]
[4.51577069],[1.05835674],[0.19452247]
[-0.80955492],[-0.22617378],[-0.75391259]
[5.25074035],[0.95606809],[-0.1464397]
[1.84337779],[0.26764363],[0.89214544]
[6.83148865],[1.24949425],[0.83164751]
[0.61887442],[-0.12448843],[-0.41496143]
[-2.12704152],[-0.35192167],[-1.17307223]
[-1.77964204],[-0.16897423],[-0.56324742]
[4.98171294],[1.04630073],[0.15433578]
[0.62267756],[0.09799261],[0.32664204]
[1.32845028],[-0.03364302],[-0.11214339]
[2.13024309],[0.07948315],[0.26494383]
[2.54187224],[0.33072917],[1.10243057]
[4.58200258],[0.95887635],[-0.13707884]
[3.86727356],[0.98356152],[-0.05479495]
[5.62043041],[1.44872795],[1.49575983]
[-0.11205479],[-0.04169518],[-0.13898392]
[4.7221336],[1.23489076],[0.78296919]
[0.256806],[0.08307223],[0.27690744]
[-0.78614333],[-0.30535121],[-1.01783737]
[-1.91516538],[-0.41915225],[-1.39717416]
[0.45179102],[-0.11095121],[-0.36983737]
[3.01255972],[0.47939412],[1.59798039]
[5.14727033],[1.07837922],[0.26126406]
[-2.11096751],[0.06671357],[0.22237856]
[-0.55946281],[-0.00061515],[-0.0020505]
[0.00574082],[-0.12187617],[-0.40625391]
[2.32521194],[0.98455278],[-0.05149073]
[0.0382425],[0.21863053],[0.72876845]
[4.66649692],[1.15728369],[0.52427896]
[2.20736233],[0.61229221],[-1.29235932]
[4.97772134],[1.03465262],[0.11550875]
[2.27146039],[0.75180627],[-0.82731242]
[-1.80637296],[-0.19545092],[-0.65150305]
[3.20741791],[0.66727566],[-1.10908113]
[0.16201437],[-0.09052832],[-0.30176106]
[7.62112248],[1.42543942],[1.41813141]
[2.00865894],[0.26178023],[0.87260078]
[-1.44025408],[-0.10795626],[-0.35985421]
[4.70280455],[1.26456011],[0.88186705]
[-1.41076996],[-0.51863099],[-1.72876996]
[1.57445388],[-0.0148843],[-0.04961434]
[2.15217047],[0.75875351],[-0.80415497]
[2.96611083],[0.86827738],[-0.4390754]
[-0.69202437],[0.09669324],[0.32231079]
[0.16175589],[0.04132921],[0.13776404]
[6.29975563],[1.40177731],[1.3392577]
[4.96427128],[1.23113645],[0.77045483]
[-0.2350328],[-0.06693391],[-0.22311303]
[1.87123813],[0.17338625],[0.57795415]
[2.4801731],[0.42888632],[1.42962108]
[-2.16182482],[-0.5749573],[-1.91652434]
[2.25076258],[0.3195857],[1.06528568]
[1.21713035],[0.2857735],[0.95257834]
[3.92823628],[0.97040883],[-0.09863724]
[-2.2304786],[-0.25380149],[-0.84600498]
[-0.40885323],[-0.13961424],[-0.46538079]
[-1.03614396],[-0.16829937],[-0.56099791]
[4.50448305],[1.02228336],[0.07427787]
[3.5630654],[0.97200122],[-0.09332928]
[3.5043754],[0.84957162],[-0.50142793]
[1.01369327],[-0.03881289],[-0.12937629]
[-1.78302709],[-0.22515879],[-0.75052929]
[1.84494987],[0.32290171],[1.07633903]
[2.62760011],[0.85459817],[-0.48467278]
[3.30934548],[1.16915171],[0.56383904]
[1.28678359],[-0.21159559],[-0.70531865]
[4.22767026],[1.04204017],[0.14013389]
[0.96155288],[-0.01542699],[-0.0514233]
[-0.98320195],[-0.04746476],[-0.15821587]
[1.07186385],[0.11826805],[0.39422684]
[1.4223194],[0.84918688],[-0.5027104]
[6.25712452],[1.23378923],[0.77929744]
[3.959128],[1.2700952],[0.90031734]
[1.15160396],[0.76206097],[-0.79313011]
[0.71799207],[0.01796694],[0.0598898]
[4.27806588],[1.06805413],[0.22684711]
[1.92996618],[0.38857763],[1.29525877]
[3.16586941],[0.67498956],[-1.08336815]
[-1.35979739],[-0.25795668],[-0.8598556]
[1.14666578],[0.69176456],[-1.02745148]
[-1.43038323],[-0.19109891],[-0.63699636]
[5.2750793],[1.50139335],[1.67131118]
[0.00342633],[0.05607677],[0.18692257]
[-2.34945674],[-0.30526268],[-1.01754226]
[4.89889568],[1.07153352],[0.23844507]
[3.19287352],[0.84279699],[-0.52401005]
[0.51564185],[0.78274274],[-0.72419088]
[3.13443055],[0.92547966],[-0.24840113]
[3.39828685],[0.95319525],[-0.15601584]
[3.73087557],[0.92976675],[-0.23411084]
[0.62823782],[0.23574839],[0.78582798]
[3.34942945],[0.69548982],[-1.01503393]
[0.40102889],[0.05557605],[0.18525351]
[-3.20189778],[-0.5277721],[-1.75924033]
[0.79536233],[-0.09878546],[-0.32928485]
[2.47056578],[0.77159033],[-0.76136557]
[2.12745722],[0.17920735],[0.59735783]
[0.96040901],[-0.12759905],[-0.42533018]
[1.61184157],[-0.00775693],[-0.02585643]
[0.99154243],[0.74711002],[-0.8429666]
[1.05933114],[0.02065287],[0.06884289]
[1.2499847],[0.12643676],[0.42145586]
[0.26216808],[-0.04869467],[-0.16231556]
[6.94412025],[1.46355644],[1.54518813]
[1.05028641],[0.31627859],[1.05426195]
[4.01860603],[0.88739326],[-0.3753558]
[6.87207574],[1.41467463],[1.38224877]
[2.50915073],[0.56252404],[-1.4582532]
[-1.24573075],[-0.21631037],[-0.72103458]
[-1.50536657],[-0.28874572],[-0.96248573]
[-1.45942446],[-0.11518209],[-0.38394029]
[-5.34152712],[-0.96936351],[-3.23121169]
[2.75260156],[1.05142269],[0.17140898]
[1.35962411],[0.12491004],[0.4163668]
[3.97169444],[1.21674107],[0.72247023]
[2.44923281],[0.78965375],[-0.70115415]
[2.94626089],[1.02234773],[0.07449242]
[3.00175437],[0.88411221],[-0.38629262]
[0.25136972],[0.00593244],[0.0197748]
[-0.43987736],[0.23103567],[-2.56321445]
[-0.08816911],[-0.05555138],[-0.18517127]
[3.59335833],[1.06585761],[0.21952538]
[3.63252382],[1.14510743],[0.48369142]
[0.58185863],[0.12375366],[0.41251222]
[2.4281174],[0.36310831],[1.21036103]
[6.52428964],[1.60381944],[2.01273147]
[0.9451897],[0.06174976],[0.20583254]
[1.52167652],[0.68903919],[-1.03653605]
[-0.20416407],[0.61277799],[-1.29074004]
[0.49412954],[-0.08837262],[-0.2945754]
[1.77949709],[0.18205478],[0.60684927]
[3.08602075],[0.39204376],[1.30681255]
[3.34609689],[0.9152645],[-0.28245165]
[4.61577621],[1.10553021],[0.35176738]
[3.12909714],[0.79100293],[-0.69665689]
[3.70794102],[0.78551066],[-0.71496448]
[5.30366813],[1.09884587],[0.32948623]
[6.45245233],[1.27279546],[0.90931819]
[2.94324008],[1.08505652],[0.28352174]
[4.63468779],[1.24050655],[0.80168851]
[1.39211082],[0.003905],[0.01301668]
[7.05059955],[1.26425958],[0.88086527]
[2.08706699],[0.81675125],[-0.61082918]
[-0.04215171],[0.28829558],[0.96098526]
[6.43949641],[1.3073952],[1.02465065]
[6.29372034],[1.14833725],[0.49445748]
[-0.7605053],[0.04245726],[0.14152421]
[0.47442009],[0.07185591],[0.23951971]
[-1.32919608],[-0.12868357],[-0.42894524]
[0.45553387],[0.05763999],[0.19213331]
[-0.36430546],[-0.22412705],[-0.74709016]
[2.04264464],[0.2862975],[0.95432501]
[9.65688642],[1.68219022],[2.27396741]
[5.16528609],[1.045627],[0.15208999]
[3.74565511],[1.14891443],[0.49638145]
[0.29761486],[-0.13291418],[-0.44304726]
[5.48577977],[1.21677693],[0.72258975]
[-0.04424166],[0.07274046],[0.24246818]
[6.80704658],[1.19444052],[0.64813508]
[-1.04090164],[0.04847183],[0.16157276]
[1.07301047],[0.05910762],[0.19702539]
[2.66044291],[0.32520897],[1.0840299]
[6.46163401],[0.94195542],[-0.19348194]
[8.74074474],[1.64288926],[2.14296421]
[2.56999322],[0.82373759],[-0.58754136]
[0.7966367],[0.800205],[-0.66598334]
[4.76915511],[0.83316737],[-0.55610878]
[6.22210098],[1.16643995],[0.55479983]
[3.43948943],[0.93768025],[-0.2077325]
[0.72909703],[0.127951],[0.42650332]
[7.00294231],[1.15393284],[0.51310947]
[2.69326779],[0.95629007],[-0.14569976]
[-2.37321221],[-0.36672499],[-1.22241664]
[3.01000582],[0.98292113],[-0.05692957]
[-0.64572808],[0.15826377],[0.52754588]
[-3.43291361],[-0.53322894],[-1.77742979]
[8.42870971],[1.7021809],[2.34060299]
